FOR SCREEN SPECIFIC FEEDBACK THIS IS THE CORRESPONDING UX,FEEDBACK TYPE,OVASKA NOTES,CO Response
,,,
Overall - across all views,,,
"When selecting a specific row or component of a chart/map, the other dimension grids/charts in the dashboard should not gray out the rows that are not applicable; they should only reflect the applicable rows/elements and be sorted accordingly.",feedback for a specific interaction,,
"When applying filters (main filter option, selecting pill, clicking on chart, etc.), the dashboard opp$, your$ and market share should update accordingly.",general UX feedback,,
"Filters - we should add the following dimensions - salesperson, category (we should rename ""M*"" aka Morningstar and just call the dimension ""Category"" until we determine licensing), firm, office, team, financial advisor, and focus categories to all dashboard views. Noting we will likely add more filters once we have access to real data loaded (i.e. private wealth flag, possibly confidence level (if Actual, vs FA attribution), FA Total AUM bands, etc.).",???,Not sure I understand this one. Is it the same as line 8?,"We need additional dimensions added to the filter options - firm, office, team, etc. are all data dimensions that we will wantot filter on"
"I think we will need to reimagine the layout of the filter control panel; the pill option may only work where there are limited members of the dimension. For example, there will only be a few regions or vehicles however there will be many salesperson, category, firm, etc. - suggest dropdown with search ability. ",general UX feedback,,
"We have time period in the filter option but also a separate time parameter; think these should be kept separate and not duplicated. When selecting a custom time period, we will need to provide ability to select begin and end month/year. Also, we will need some type of tool tip that explains what data sources are available through the respective time periods - e.g. MS may be from Jan 2026 - July 2026 however, LPL may only be Jan 2026 - June 2026, etc. Noting we intend to project stale data to the current period with time synthesis process (so if MS data pack through March, but SSNC through June, will use the Office level data to fill in the gap and unify all data to the current max period. This will need to be clearly flagged, maybe an asterisk next to time period that explains the time synthesis process, and also display that max data from the actual data pack sources).","Need ""filter by time"" user micro-journey",,"Separate than item 6 but related to filters, need specific time parameter filter, and enhancement to existing time parameter. "
"Can we give the user the ability to swap out the dimension in any of the grids/charts - e.g. swap category to vehicle or sales rep to region, etc.","Need ""change source for dimension"" user micro-journey",,
"Customize view - I know we discussed our default page layouts limit ability to create custom views and maybe creating blank page where they can create customized page but need to be careful as doughnut chart on net sales measure doesn't work, etc.",general UX feedback,,
"Export function at the top of the page, since there are multiple tables, dimensions and measures on each page, how do they determine what they want to export? Maybe it can be similar to filter menu and they select specific table, dimension, measures? Ideally the user would have option for full page pdf or individual grid csv/ excel files, etc.","Need ""Export data"" user micro-journey",,
"We should have consistent terminology across dashboards - ""AUM"", ""Inflows"", and ""Net Flows"". Currently it varies across dashboards: Inflow, Total Inflows, YTD gross inflows, Netflow, Net Flow, Total net flow, etc.",Document UX terminology and validate across departments,Product needs to lead the creation of a UX lexicon that can apply universally across entire product. ,Noted however there is specific terminaology in the AM space that will resonate; if you chage naming conventions it will confuse the audience. 
"The same consistency for Market, Mkt Opp, and Opp. I think we should we label it ""Mkt Opp"". Currently it varies across dashboard.",Document UX terminology and validate across departments,,
"The same consistency for Market Share, the bottom 3 grids on Mgmt dashboard label market share column as ""MKT S-R"" and all other grids refer to ""Share"". Recommend ""MKT SHR"" or ""MKT SHARE"", if real estate permits.",Document UX terminology and validate across departments,,
Not sure we need the second reference to inflows/net flows under the actual $ values? Maybe show YoY % change across all?,feedback for a specific interaction,,
,,,
,,,
Grid alignment shifts slightly post active selection. Ideally grids remain stationary regardless of any filter selections.,general UX feedback,,
"Related to the above shifting, active selections should show directly next to the corresponding header. In the Management and Opp dashboards, they appear under the 'Active Selections' header which causes grids to shift.",feedback for a specific interaction,,
  ,,,
,,,
"• Home - suggest we rename to ""Ask Field""",,,
• Are we able to add microphone option for the ability to speak/narrate rather than type in the question?,Feature request,The ability for voice recognition input is becoming table stakes but not MVP; we should ensure it is a fast-follow on MVP.,Excellent!
"• We should discuss mobile (cell phone, tablet view). Ideally the layout will auto optimize based on the device.",general UX feedback,All of Field Product should be workable on mobile. Because the platform will be a workstation we need to be very thoughtful about key tasks users might want to action on smaller screens.,Noted
"• What is purpose of the search at the top of the page vs the regular ""how can I help"" text box; shouldn't the user be able to type the question/search in the main text box?",general UX feedback,"A universal search would be ideal. I personally hate having competing search boxes. What I mean by universal search is that even if there are many search boxes on a screen the mech and results should be largely the same. There are emerging standards to accomplish this elegantly. Otherwise, if the search is intended to be so narrow that general search is clunky... it should be moved to be a filter or type-ahead.","Welcome suggestions but we definitley need filters and typically user needs to search through the dimension for what they want to fitler on, seems duplicative to have both"
"• We made up those few examples of default questions listed below the text box - are we able to list most common or recent inquiries? Would the Suggested Actions work differently, maybe leverage learnings based on the specific user? I also see the paper clip icon, could be helpful allowing users to upload a file that we could match against the underlying data set; this could be helpful for events or lists the wholesalers may be managing? We will definitely have a lot more work to do here, once we have live data, thinking through the prompt engineering and testing results / methodology of the responses, and display of data lineage if the user desires to probe.",general UX feedback,"Suggested should be across two vectors at least: First, searches at the platform or Field-defined level. This will be us projecting a bit and that's intentional. Second, it should be user-level based on real activity.",Makes sense
"• When Ask Field delivers results, I do like the current list view and think easy to act on however we also discussed creating a visual version. Not sure how this would work, would it be based on the question asked or is it an option the user can select to see list vs. visual?",???,,
"• The options at the bottom of the key insights, not sure we'll have the ability to schedule meeting or create marketing material and can view the client profile directly from the row so I think these can be removed.",general UX feedback,,
,,,
Management,,,
"• The top 2 charts have market share label on the right axis however missing ""Market Opportunity"" label on the left axis.",feedback for a specific view,,
"• The top left chart is labeled Opp AUM vs Mkt Share but think we should call it ""Market Share Trend"" or just ""Trend"". With the ability to swap dimensions, the chart/table labels will need to by dynamic - e.g. if they swap Channel Breakdown chart to Region the label should update accordingly.",feedback for a specific view,,
"• In the Channel Breakdown chart, not sure the line should be a single line across all channels but be independent for each channel/column; it makes sense in the trend chart to be a single line across time periods.",feedback for a specific view,,
"• We should add the ability to filter on the region pills above the sales reps, similar to vehicle on the charts in the middle. That being said, if we are providing the ability to swap dimension in the grids/charts, not sure this makes sense as those pills should update based on the selected dimension (e.g. region above salesperson). The user can always just leverage the main filter control panel.",see line 8,,
"• Suggest putting Region description next to Sales Rep name rather than below the name, similar to how Channel appears in the Firm table? Most firms will have many wholesalers, this way you can see more sales reps in the table?",feedback for a specific view,,
"• In the Category table, the 1st column header is called ""Fund Category"" however this crosses all vehicles, I would label as ""Category"".",feedback for a specific view,,
•,,,
,,,
Opportunity,,,
"• The Client table, the sub label is ""Client"" but these will either be a Team or FA, suggest labeling ""Team/FA"".",feedback for a specific view,,
"• It's not clear that you can click on the competitive advantage flag to the left of the Team/FA name, any suggestions? Maybe add header?",feedback for a specific view,,
"• Not sure we need the FA vs Team type, think this is intuitive by the name?",feedback for a specific view,,
• Can we add the ability to filter Team/FA based on Comp Adv flag/pill on top of grid? Can use overall filter if gets too complicated?,feedback for a specific view,,
"• Heat Map - I see you have ability to customize but not sure we want to give ability to change chart type or change measure/compare; I do think you want ability to view at city, state, metro and zip levels but the bubbles would change based on the geo selection - bubble per state or city or zip. I do think we want to give ability to change market share ranges for color coding of bubbles.","Need ""heat map customization"" user micro-journey",,
"• On the Category Tree chart, need to give some thought on how we overlay approved and recommended products as they will be specific to a firm, maybe a tooltip listing all products/firm combo for the respective category?","Need ""approved/recommended product"" user micro-journey",,
• Multi-select filter option in client view not working,feedback for a specific view,,
"• Territory Heat Map - Can the pop-up only appear when hovering over a specific bubble, rather than appearing as soon as mouse hovers anywhere within grid?",feedback for a specific view,,
,,,
Competitive Advantage,,,
Rename Client to Team/FA,feedback for a specific view,,
Need to add ability to drill into Team/FA detail page,"Need ""Team/FA detail"" user micro-journey",,
"@joe.smith Fischer @Tony Morris - thoughts on bottom 3 charts on Comp Adv page? I want to give some more thought on this. I like the scatterplot ability but in its current form its not set up correctly, (i.e. the size of the bubble should be aum, sales, or reds, the Y-azis 3-year performance and the X-axis fees,  Also the toggles arent working, but should prob default to Asset classes, and toggle to team/ FA (this way if you select an FA you can see what categories they are more performance conscious vs Expense conscious, also should swap to FA/Team not firm, and prob filter by vehicle (or maybe we only have MF and ETF information anyway, so the category should say MF-Large blend, ETF - Large blend, and be concatenated).  I like the comparison of the asset manager to the Competitors, but wonder if we can accomplish this on the same scatterplot graph (maybe a star for the AM clients product performance or in tool tip when hovered over bubble). Also I like the trend over time but not sure we will have this by month, possibly quarterly or yearly, and should be able to look at performance or expense over time (i.e. if I select an FA category I can see there average performance progressively getting worse).",,,
"Multi-select and de-select using left click mouse is not working across dashboard. Also, on the 'Client Asset Class' grid, a left-click of mouse highlights all records in most cases.",general UX feedback,,
"Tree Graph - If we plan to use during prospect demos, we may want to change some of the category names to reflect actual categories (e.g. remove 'Large Blend 2', 'Lge Growth', and maybe expand EM to 'Div Emer Mrkts')",feedback for a specific view,,
"We do not want to limit just to the top 10 Teams/FAs, they should have ability to scroll across all Teams/FAs.",feedback for a specific view,,
,,,
,,,
,,,
"We'll need to revisit the specific data elements displayed once we get actual data - I don't think we'll have the level of detail needed to be able to breakout distinct performance vs fee advantage opp $, at least for this dist intel product. I'm pretty sure SS&C only provides weighted perf rating difference and expense rating difference, then an overall greenspace $ amount per record. So those values would both show the same $ as the total comp adv (greenspace $) b/c greenspace requires an advantage across both (perf & exp). Perhaps we replace the distinct perf/fee fields with an 'Advantage Type' descriptive field including values: 'Strictly perf'; 'Strictly exp'; 'Both'; 'Neither'. However, if we go this route, it won't necessarily align with the how the total comp-adv (greenspace) $ amount is pre-calculated...for example, you may have instances where it shows an advantage in 'Neither', however there was actual greenspace $ amount populated b/c of the underlying share class comparison. We'll have to think through this further.",,,
• Dist Intel,,,
"I believe this page would only be for our RIA Network data, not applicable for the initial data pack unification - Distribution Intelligence offering. We can revisit as we progress those efforts. Need to align on this page, should this be called ""Signals""? Think we should we hold off on content/layout until we verify RIA Network data sources? How does this compare to Opportunities identified from Design Partner embedded intelligence - I would think wholesaler would want a combined view rather than 2 separate screens. ",,,
